key,year,bin,id,dom_ec,rank,power,group
1,2022,1,PBO,0.0288105140018265,1,0.971189485998173,1
2,2022,1,OPO,0.0290686282170287,2,0.970931371782971,1
3,2022,1,GPO,0.0355895013170441,3,0.964410498682956,1
4,2022,1,BOB,0.0427353219950449,4,0.957264678004955,1
5,2022,1,POP,0.0532621514423808,5,0.946737848557619,1
6,2022,1,PGG,0.0929521960746114,6,0.907047803925389,1
7,2022,1,BBB,0.106593542224269,7,0.893406457775731,1
8,2022,1,OOO,0.108396214984967,8,0.891603785015033,1
9,2022,1,GGP,0.109442246937205,9,0.890557753062795,1
10,2022,1,PPO,0.164165527872274,10,0.835834472127726,1
11,2022,1,OPP,0.228984154933349,11,0.771015845066651,1
12,2022,2,PBO,0.0315049123176133,1,0.968495087682387,1
13,2022,2,OPO,0.031660803105981,2,0.968339196894019,1
14,2022,2,GPO,0.0373378657786182,3,0.962662134221382,1
15,2022,2,BOB,0.0397662846750497,4,0.96023371532495,1
16,2022,2,BBB,0.0620938954310969,5,0.937906104568903,1
17,2022,2,OOO,0.065896896703127,6,0.934103103296873,1
18,2022,2,PGG,0.0734064276729094,7,0.926593572327091,1
19,2022,2,POP,0.115559061586341,8,0.884440938413659,1
20,2022,2,GGP,0.12317867357883,9,0.87682132642117,1
21,2022,2,PPO,0.173834114828514,10,0.826165885171486,1
22,2022,2,OPP,0.24576106432192,11,0.75423893567808,1
23,2022,3,BOB,0.0396947863649227,1,0.960305213635077,1
24,2022,3,GPO,0.0397002088462837,2,0.960299791153716,1
25,2022,3,BBB,0.0475423026209874,3,0.952457697379013,1
26,2022,3,POP,0.0547201340421426,4,0.945279865957857,1
27,2022,3,PGG,0.0863319244070331,5,0.913668075592967,1
28,2022,3,OOO,0.0890818158101064,6,0.910918184189894,1
29,2022,3,GGP,0.10956912232173,7,0.89043087767827,1
30,2022,3,OPO,0.111668692982355,8,0.888331307017645,1
31,2022,3,PPO,0.149133143325666,9,0.850866856674334,1
32,2022,3,OPP,0.272557869278774,10,0.727442130721226,1
33,2022,4,GPO,0.0361301628821971,1,0.963869837117803,1
34,2022,4,BOB,0.0362574511968841,2,0.963742548803116,1
35,2022,4,BBB,0.0518873193212969,3,0.948112680678703,1
36,2022,4,POP,0.0633439214449922,4,0.936656078555008,1
37,2022,4,PGG,0.0885611552470774,5,0.911438844752923,1
38,2022,4,OPO,0.0939029364842879,6,0.906097063515712,1
39,2022,4,PPO,0.096342009525926,7,0.903657990474074,1
40,2022,4,OOO,0.109408525892462,8,0.890591474107538,1
41,2022,4,GGP,0.163686150540622,9,0.836313849459378,1
42,2022,4,OPP,0.260480367464255,10,0.739519632535745,1
43,2022,5,BOB,0.030303412262283,1,0.969696587737717,1
44,2022,5,GPO,0.0324430270527467,2,0.967556972947253,1
45,2022,5,POP,0.0328757735338185,3,0.967124226466181,1
46,2022,5,BBB,0.033717114428517,4,0.966282885571483,1
47,2022,5,OOO,0.079648851398081,5,0.920351148601919,1
48,2022,5,OPO,0.0842032874114945,6,0.915796712588506,1
49,2022,5,GGP,0.101419777299821,7,0.898580222700179,1
50,2022,5,PBO,0.109763373797597,8,0.890236626202403,1
51,2022,5,PPO,0.113964192463135,9,0.886035807536865,1
52,2022,5,PGG,0.138773260696854,10,0.861226739303146,1
53,2022,5,OPP,0.242887929655653,11,0.757112070344347,1
54,2022,6,GPO,0.0235227290904352,1,0.976477270909565,1
55,2022,6,BOB,0.0236677729997823,2,0.976332227000218,1
56,2022,6,BBB,0.0299586583453795,3,0.970041341654621,1
57,2022,6,POP,0.0362885572235885,4,0.963711442776412,1
58,2022,6,OOO,0.0772760748818837,5,0.922723925118116,1
59,2022,6,PGG,0.0773051411883495,6,0.922694858811651,1
60,2022,6,OPO,0.0816258456006719,7,0.918374154399328,1
61,2022,6,GGP,0.107092203419952,8,0.892907796580048,1
62,2022,6,PBO,0.137620199281663,9,0.862379800718337,1
63,2022,6,PPO,0.17145081884764,10,0.82854918115236,1
64,2022,6,OPP,0.234191999120654,11,0.765808000879346,1
65,2022,7,BOB,0.0368068203029815,1,0.963193179697019,1
66,2022,7,GPO,0.0370772473522057,2,0.962922752647794,1
67,2022,7,POP,0.0519499936759369,3,0.948050006324063,1
68,2022,7,BBB,0.0556022382110447,4,0.944397761788955,1
69,2022,7,PBO,0.0756681116578307,5,0.924331888342169,1
70,2022,7,OPO,0.0799556403262139,6,0.920044359673786,1
71,2022,7,PGG,0.109077141951505,7,0.890922858048495,1
72,2022,7,PPO,0.119785748733572,8,0.880214251266428,1
73,2022,7,GGP,0.139206728893105,9,0.860793271106895,1
74,2022,7,OPP,0.294870328895604,10,0.705129671104396,1
75,2022,8,BOB,0.0447096172261052,1,0.955290382773895,1
76,2022,8,GPO,0.044828279155504,2,0.955171720844496,1
77,2022,8,BBB,0.0598624027467334,3,0.940137597253267,1
78,2022,8,POP,0.0601118929895749,4,0.939888107010425,1
79,2022,8,PBO,0.0784698586669922,5,0.921530141333008,1
80,2022,8,OPO,0.0871988678964108,6,0.912801132103589,1
81,2022,8,PGG,0.100923918664029,7,0.899076081335971,1
82,2022,8,GGP,0.118388907641423,8,0.881611092358577,1
83,2022,8,PPO,0.132164829266176,9,0.867835170733824,1
84,2022,8,OPP,0.273341425747051,10,0.726658574252949,1
85,2022,9,GPO,0.0284568014504885,1,0.971543198549512,1
86,2022,9,BOB,0.0303959880172319,2,0.969604011982768,1
87,2022,9,POP,0.0363204435907506,3,0.963679556409249,1
88,2022,9,PBO,0.0443909402148546,4,0.955609059785145,1
89,2022,9,BBB,0.0483186812176656,5,0.951681318782334,1
90,2022,9,OPO,0.080650189570804,6,0.919349810429196,1
91,2022,9,PGG,0.0930357830146891,7,0.906964216985311,1
92,2022,9,PPO,0.118464922641,8,0.881535077358999,1
93,2022,9,OOO,0.134056030843425,9,0.865943969156575,1
94,2022,9,GGP,0.159747934880392,10,0.840252065119608,1
95,2022,9,OPP,0.226162284558698,11,0.773837715441302,1
96,2022,10,GPO,0.037305330881289,1,0.962694669118711,1
97,2022,10,BOB,0.0387741579649846,2,0.961225842035015,1
98,2022,10,BBB,0.0462675725239543,3,0.953732427476046,1
99,2022,10,POP,0.0484796130795043,4,0.951520386920496,1
100,2022,10,PBO,0.0565483300996951,5,0.943451669900305,1
101,2022,10,PGG,0.0692673973217616,6,0.930732602678238,1
102,2022,10,OPO,0.0762164053160829,7,0.923783594683917,1
103,2022,10,PPO,0.0969313378698522,8,0.903068662130148,1
104,2022,10,OOO,0.108947594195303,9,0.891052405804697,1
105,2022,10,GGP,0.180473061569658,10,0.819526938430342,1
106,2022,10,OPP,0.240789199177915,11,0.759210800822085,1
107,2022,11,GPO,0.0425164626495949,1,0.957483537350405,1
108,2022,11,BOB,0.0431380799805189,2,0.956861920019481,1
109,2022,11,BBB,0.0598241408349559,3,0.940175859165044,1
110,2022,11,POP,0.0610060310502405,4,0.93899396894976,1
111,2022,11,PBO,0.067964355008312,5,0.932035644991688,1
112,2022,11,OPO,0.0827558904329613,6,0.917244109567039,1
113,2022,11,OOO,0.111443803727662,7,0.888556196272338,1
114,2022,11,PPO,0.119548876684052,8,0.880451123315948,1
115,2022,11,GGP,0.17004729036623,9,0.82995270963377,1
116,2022,11,OPP,0.241755069265473,10,0.758244930734527,1
117,2022,12,GPO,0.0428538830336346,1,0.957146116966365,1
118,2022,12,BOB,0.0445099169304414,2,0.955490083069559,1
119,2022,12,BBB,0.0587975525942997,3,0.9412024474057,1
120,2022,12,PBO,0.0670956187471269,4,0.932904381252873,1
121,2022,12,POP,0.0922511766455268,5,0.907748823354473,1
122,2022,12,OPO,0.0974166207321604,6,0.90258337926784,1
123,2022,12,PPO,0.0974166615360053,7,0.902583338463995,1
124,2022,12,OOO,0.103618737581692,8,0.896381262418308,1
125,2022,12,GGP,0.163551711644847,9,0.836448288355153,1
126,2022,12,OPP,0.232488120554266,10,0.767511879445734,1
127,2022,13,BOB,0.0325630375972754,1,0.967436962402725,1
128,2022,13,BBB,0.0431662152004044,2,0.956833784799596,1
129,2022,13,GPO,0.0452717739894595,3,0.954728226010541,1
130,2022,13,PBO,0.0503545321888681,4,0.949645467811132,1
131,2022,13,OPO,0.0659953025926861,5,0.934004697407314,1
132,2022,13,PPO,0.0720620089302337,6,0.927937991069766,1
133,2022,13,OOO,0.0796877974073342,7,0.920312202592666,1
134,2022,13,POP,0.095019864295133,8,0.904980135704867,1
135,2022,13,GGP,0.160295889455481,9,0.839704110544519,1
136,2022,13,PGG,0.174710397763446,10,0.825289602236554,1
137,2022,13,OPP,0.180873180579678,11,0.819126819420322,1
138,2022,14,GPO,0.0374552022039607,1,0.962544797796039,1
139,2022,14,BOB,0.0383291029876555,2,0.961670897012344,1
140,2022,14,PBO,0.0606654607294251,3,0.939334539270575,1
141,2022,14,POP,0.0625228853082126,4,0.937477114691787,1
142,2022,14,BBB,0.0654047231971006,5,0.934595276802899,1
143,2022,14,OPO,0.0799224861574446,6,0.920077513842555,1
144,2022,14,PPO,0.0809735003484385,7,0.919026499651561,1
145,2022,14,OOO,0.0888693129750846,8,0.911130687024915,1
146,2022,14,PGG,0.141802185351115,9,0.858197814648885,1
147,2022,14,GGP,0.161660057753238,10,0.838339942246762,1
148,2022,14,OPP,0.182395082988325,11,0.817604917011675,1
149,2022,15,BBB,0.0363105144087337,1,0.963689485591266,1
150,2022,15,POP,0.0372550172961548,2,0.962744982703845,1
151,2022,15,OOO,0.0506297062055808,3,0.949370293794419,1
152,2022,15,PBO,0.0508382990568576,4,0.949161700943142,1
153,2022,15,PPO,0.0514510472730473,5,0.948548952726953,1
154,2022,15,OPO,0.0578039751773462,6,0.942196024822654,1
155,2022,15,GGP,0.125625119456783,7,0.874374880543217,1
156,2022,15,PGG,0.152031768128554,8,0.847968231871446,1
157,2022,15,BOB,0.167868723000888,9,0.832131276999112,1
158,2022,15,OPP,0.270185829996055,10,0.729814170003945,1
159,2022,16,POP,0.0345516220831871,1,0.965448377916813,1
160,2022,16,BBB,0.0347720199765824,2,0.965227980023418,1
161,2022,16,PPO,0.0420547614908514,3,0.957945238509149,1
162,2022,16,OOO,0.0444192387087509,4,0.955580761291249,1
163,2022,16,OPO,0.0585477702636902,5,0.94145222973631,1
164,2022,16,PBO,0.0894090132464062,6,0.910590986753594,1
165,2022,16,GGP,0.12181747171913,7,0.87818252828087,1
166,2022,16,PGG,0.137892958007031,8,0.862107041992969,1
167,2022,16,BOB,0.17121765335254,9,0.82878234664746,1
168,2022,16,OPP,0.265317491151831,10,0.734682508848169,1
169,2022,17,BBB,0.0257497166260702,1,0.97425028337393,1
170,2022,17,OOO,0.0308520561028198,2,0.96914794389718,1
171,2022,17,OPO,0.044509907269565,3,0.955490092730435,1
172,2022,17,PPO,0.0459643790160283,4,0.954035620983972,1
173,2022,17,POP,0.0461057285592713,5,0.953894271440729,1
174,2022,17,PBO,0.0504999763547267,6,0.949500023645273,1
175,2022,17,GGP,0.0891789148450177,7,0.910821085154982,1
176,2022,17,OPP,0.108738912026643,8,0.891261087973357,1
177,2022,17,BOB,0.146833090956996,9,0.853166909043004,1
178,2022,17,PGG,0.15047476429894,10,0.849525235701061,1
179,2022,17,GPO,0.261092553943922,11,0.738907446056078,1
180,2022,18,BBB,0.0367972527029176,1,0.963202747297082,1
181,2022,18,POP,0.0369568944148753,2,0.963043105585125,1
182,2022,18,PPO,0.0481514235041143,3,0.951848576495886,1
183,2022,18,OOO,0.0530690537502428,4,0.946930946249757,1
184,2022,18,PBO,0.0847166207975724,5,0.915283379202428,1
185,2022,18,OPO,0.087263774252718,6,0.912736225747282,1
186,2022,18,GPO,0.0969883214257574,7,0.903011678574243,1
187,2022,18,PGG,0.108016074026772,8,0.891983925973229,1
188,2022,18,GGP,0.108708274349986,9,0.891291725650014,1
189,2022,18,BOB,0.133932934978016,10,0.866067065021984,1
190,2022,18,OPP,0.205399375797029,11,0.794600624202971,1
191,2022,19,BBB,0.0297812228753264,1,0.970218777124674,1
192,2022,19,POP,0.0459401329867987,2,0.954059867013201,1
193,2022,19,PPO,0.0539547336083929,3,0.946045266391607,1
194,2022,19,GPO,0.0649543981541695,4,0.935045601845831,1
195,2022,19,PBO,0.0794137698320366,5,0.920586230167963,1
196,2022,19,OPO,0.0978896279243795,6,0.902110372075621,1
197,2022,19,OOO,0.0991848867381811,7,0.900815113261819,1
198,2022,19,PGG,0.113581929946486,8,0.886418070053514,1
199,2022,19,GGP,0.183487653705874,9,0.816512346294126,1
200,2022,19,BOB,0.231811644228355,10,0.768188355771644,1
201,2022,20,BBB,0.0339331469240597,1,0.96606685307594,1
202,2022,20,POP,0.0340976453691239,2,0.965902354630876,1
203,2022,20,PPO,0.0518444945430974,3,0.948155505456903,1
204,2022,20,OOO,0.0716015069528862,4,0.928398493047114,1
205,2022,20,OPO,0.0774465312787569,5,0.922553468721243,1
206,2022,20,PBO,0.0953456816225935,6,0.904654318377407,1
207,2022,20,GPO,0.105860626288922,7,0.894139373711078,1
208,2022,20,PGG,0.141010761444696,8,0.858989238555304,1
209,2022,20,GGP,0.14436656208266,9,0.85563343791734,1
210,2022,20,BOB,0.244493043493205,10,0.755506956506795,1
211,2022,21,BBB,0.0371734340671262,1,0.962826565932874,1
212,2022,21,POP,0.038028048953534,2,0.961971951046466,1
213,2022,21,PPO,0.0500516807567008,3,0.949948319243299,1
214,2022,21,GPO,0.0551837362886615,4,0.944816263711338,1
215,2022,21,PBO,0.0687885631852276,5,0.931211436814772,1
216,2022,21,GGP,0.0742677296706036,6,0.925732270329396,1
217,2022,21,OPO,0.0787253021511976,7,0.921274697848802,1
218,2022,21,PGG,0.0928730057628403,8,0.90712699423716,1
219,2022,21,OOO,0.0950783234562308,9,0.904921676543769,1
220,2022,21,BOB,0.179011600589335,10,0.820988399410665,1
221,2022,21,OPP,0.230818575118542,11,0.769181424881458,1
222,2022,22,BBB,0.0371821010788154,1,0.962817898921185,1
223,2022,22,POP,0.0374415158174942,2,0.962558484182506,1
224,2022,22,PPO,0.0500299070161023,3,0.949970092983898,1
225,2022,22,GGP,0.0512766757924196,4,0.94872332420758,1
226,2022,22,GPO,0.0651473671597711,5,0.934852632840229,1
227,2022,22,PBO,0.0715655196525766,6,0.928434480347423,1
228,2022,22,OOO,0.0767188151958618,7,0.923281184804138,1
229,2022,22,OPO,0.0774238398448531,8,0.922576160155147,1
230,2022,22,PGG,0.147719064840077,9,0.852280935159923,1
231,2022,22,OPP,0.183527304361908,10,0.816472695638092,1
232,2022,22,BOB,0.201967889240121,11,0.798032110759879,1
233,2022,23,PPO,0.0459551039615651,1,0.954044896038435,1
234,2022,23,OOO,0.0482403517389185,2,0.951759648261082,1
235,2022,23,POP,0.052162948955312,3,0.947837051044688,1
236,2022,23,GPO,0.0541790290309637,4,0.945820970969036,1
237,2022,23,OPO,0.0550763143905768,5,0.944923685609423,1
238,2022,23,PBO,0.0576432044868644,6,0.942356795513136,1
239,2022,23,PGG,0.132721793727322,7,0.867278206272678,1
240,2022,23,GGP,0.161371022371161,8,0.838628977628839,1
241,2022,23,OPP,0.190517882528466,9,0.809482117471534,1
242,2022,23,BOB,0.202132348808851,10,0.797867651191149,1
243,2022,24,PBO,0.0341885148152693,1,0.965811485184731,1
244,2022,24,GPO,0.034418321826367,2,0.965581678173633,1
245,2022,24,OPO,0.043179614772308,3,0.956820385227692,1
246,2022,24,PPO,0.048173648817533,4,0.951826351182467,1
247,2022,24,POP,0.0587011367160233,5,0.941298863283977,1
248,2022,24,OOO,0.0587256184897022,6,0.941274381510298,1
249,2022,24,PGG,0.13225255138121,7,0.86774744861879,1
250,2022,24,GGP,0.181758296219657,8,0.818241703780343,1
251,2022,24,OPP,0.200625132407625,9,0.799374867592375,1
252,2022,24,BOB,0.207977164554305,10,0.792022835445695,1
253,2022,25,PBO,0.0208191484939732,1,0.979180851506027,1
254,2022,25,GPO,0.0209190039934065,2,0.979080996006593,1
255,2022,25,PPO,0.0257846950799057,3,0.974215304920094,1
256,2022,25,OOO,0.0296114773499998,4,0.97038852265,1
257,2022,25,POP,0.0342055608676659,5,0.965794439132334,1
258,2022,25,PGG,0.0488621612854362,6,0.951137838714564,1
259,2022,25,OPO,0.0491662606211401,7,0.95083373937886,1
260,2022,25,BOB,0.0617166707952808,8,0.938283329204719,1
261,2022,25,OPP,0.152735084218158,9,0.847264915781842,1
262,2022,25,GGP,0.242431385355592,10,0.757568614644408,1
263,2022,25,BBB,0.313748551939441,11,0.686251448060559,1
264,2022,26,GPO,0.0415432912302082,1,0.958456708769792,1
265,2022,26,PBO,0.0425080576530278,2,0.957491942346972,1
266,2022,26,PPO,0.0478048776290627,3,0.952195122370937,1
267,2022,26,POP,0.0523706773734363,4,0.947629322626564,1
268,2022,26,OPO,0.0567759709135803,5,0.94322402908642,1
269,2022,26,OOO,0.0592386892198408,6,0.940761310780159,1
270,2022,26,PGG,0.0690830358170288,7,0.930916964182971,1
271,2022,26,BOB,0.131159306683147,8,0.868840693316853,1
272,2022,26,GGP,0.138016474986246,9,0.861983525013754,1
273,2022,26,OPP,0.178638013715152,10,0.821361986284848,1
274,2022,26,BBB,0.18286160477927,11,0.81713839522073,1
275,2022,1,BBO,0.0212315558262925,1,0.978768444173707,2
276,2022,1,GGG,0.0222113936490076,2,0.977788606350992,2
277,2022,1,GPG,0.0447339043951075,3,0.955266095604893,2
278,2022,1,GOP,0.0504864751261769,4,0.949513524873823,2
279,2022,1,PBP,0.0561911888036476,5,0.943808811196352,2
280,2022,1,GOO,0.0602670675228767,6,0.939732932477123,2
281,2022,1,PPP,0.0607088969289182,7,0.939291103071082,2
282,2022,1,OBB,0.0934347597606586,8,0.906565240239341,2
283,2022,1,OOP,0.169286196565988,9,0.830713803434012,2
284,2022,1,POO,0.198108540061069,10,0.801891459938931,2
285,2022,1,OGO,0.223340021360257,11,0.776659978639743,2
286,2022,2,BBO,0.0305187636376131,1,0.969481236362387,2
287,2022,2,GGG,0.0308824526179087,2,0.969117547382091,2
288,2022,2,GPG,0.0457562652354972,3,0.954243734764503,2
289,2022,2,GOP,0.0665832931395156,4,0.933416706860484,2
290,2022,2,PPP,0.0740082985772941,5,0.925991701422706,2
291,2022,2,GOO,0.0771538546433453,6,0.922846145356655,2
292,2022,2,PBP,0.0866358131064244,7,0.913364186893576,2
293,2022,2,OBB,0.0896787836506735,8,0.910321216349327,2
294,2022,2,OGO,0.127311092357658,9,0.872688907642342,2
295,2022,2,POO,0.131789032318135,10,0.868210967681865,2
296,2022,2,OOP,0.239682350715935,11,0.760317649284065,2
297,2022,3,OBB,0.0520025788634185,2,0.947997421136581,2
298,2022,3,GOP,0.0707896773344985,3,0.929210322665501,2
299,2022,3,OGO,0.0718386022787487,4,0.928161397721251,2
300,2022,3,POO,0.0732476965117726,5,0.926752303488227,2
301,2022,3,PBP,0.0921201806344077,6,0.907879819365592,2
302,2022,3,GOO,0.0939151829622705,7,0.906084817037729,2
303,2022,3,GGG,0.105947009983554,8,0.894052990016446,2
304,2022,3,GPG,0.117763636526551,9,0.882236363473449,2
305,2022,3,PPP,0.13946228938146,10,0.86053771061854,2
306,2022,3,OOP,0.182913145523319,11,0.817086854476681,2
307,2022,4,GPG,0.0353301322602876,2,0.964669867739712,2
308,2022,4,GOO,0.0365394601599637,3,0.963460539840036,2
309,2022,4,GOP,0.0473977210393207,4,0.952602278960679,2
310,2022,4,GGG,0.0611699882901783,5,0.938830011709822,2
311,2022,4,OBB,0.0668866321505154,6,0.933113367849485,2
312,2022,4,PPP,0.0704958747171657,7,0.929504125282834,2
313,2022,4,POO,0.0769439146333506,8,0.923056085366649,2
314,2022,4,OGO,0.0792041411016683,9,0.920795858898332,2
315,2022,4,PBP,0.218294016903912,10,0.781705983096088,2
316,2022,4,OOP,0.307738118743637,11,0.692261881256363,2
317,2022,5,GPG,0.00777076771892484,1,0.992229232281075,2
318,2022,5,GOO,0.00808814624411078,2,0.991911853755889,2
319,2022,5,GGG,0.0102158185103104,3,0.98978418148969,2
320,2022,5,GOP,0.0124129483667389,4,0.987587051633261,2
321,2022,5,OBB,0.0164408202614821,5,0.983559179738518,2
322,2022,5,POO,0.0208728996389403,6,0.97912710036106,2
323,2022,5,OGO,0.0302025952137244,7,0.969797404786276,2
324,2022,5,PPP,0.0324020028206695,8,0.96759799717933,2
325,2022,5,BBO,0.216511973127612,9,0.783488026872388,2
326,2022,5,OOP,0.256821635883444,10,0.743178364116556,2
327,2022,5,PBP,0.388260392214042,11,0.611739607785958,2
328,2022,6,GGG,0.013916838769931,1,0.986083161230069,2
329,2022,6,GPG,0.0158044878570478,2,0.984195512142952,2
330,2022,6,GOO,0.0165942197725149,3,0.983405780227485,2
331,2022,6,GOP,0.0191628039584465,4,0.980837196041554,2
332,2022,6,OBB,0.0289262363785336,5,0.971073763621466,2
333,2022,6,PPP,0.0336037421704886,6,0.966396257829511,2
334,2022,6,POO,0.0349637160334339,7,0.965036283966566,2
335,2022,6,OGO,0.0466365659111223,8,0.953363434088878,2
336,2022,6,OOP,0.199614672154704,9,0.800385327845296,2
337,2022,6,BBO,0.236196636854218,10,0.763803363145782,2
338,2022,6,PBP,0.35458008013956,11,0.64541991986044,2
339,2022,7,GPG,0.0119989339033383,2,0.988001066096662,2
340,2022,7,GOO,0.0153491181857294,3,0.984650881814271,2
341,2022,7,GGG,0.0186255815158601,4,0.98137441848414,2
342,2022,7,GOP,0.0195037017070382,5,0.980496298292962,2
343,2022,7,PPP,0.0462538886404227,6,0.953746111359577,2
344,2022,7,OGO,0.102758054166792,7,0.897241945833208,2
345,2022,7,POO,0.123455109502512,8,0.876544890497488,2
346,2022,7,OOP,0.159988592000932,9,0.840011407999068,2
347,2022,7,BBO,0.245994634563975,10,0.754005365436025,2
348,2022,7,PBP,0.2560723858134,11,0.7439276141866,2
349,2022,8,GOO,0.0311451097296836,2,0.968854890270316,2
350,2022,8,GGG,0.0466182904114737,3,0.953381709588526,2
351,2022,8,GPG,0.0477449283102005,4,0.9522550716898,2
352,2022,8,GOP,0.0580924725692045,5,0.941907527430796,2
353,2022,8,PPP,0.0711958826436914,6,0.928804117356309,2
354,2022,8,OOP,0.120233978785896,7,0.879766021214104,2
355,2022,8,PBP,0.130704134847696,8,0.869295865152304,2
356,2022,8,OGO,0.154546344650054,9,0.845453655349946,2
357,2022,8,BBO,0.168020430342715,10,0.831979569657285,2
358,2022,8,POO,0.171698427709386,11,0.828301572290614,2
359,2022,9,GOO,0.0320793980629665,1,0.967920601937033,2
360,2022,9,GPG,0.0327292830328006,2,0.967270716967199,2
361,2022,9,GGG,0.0383823999047885,3,0.961617600095211,2
362,2022,9,GOP,0.0501358091198028,4,0.949864190880197,2
363,2022,9,PPP,0.0671037617903363,5,0.932896238209664,2
364,2022,9,PBP,0.0754039103372446,6,0.924596089662755,2
365,2022,9,OOP,0.0843390432448835,7,0.915660956755116,2
366,2022,9,OBB,0.114937958094447,8,0.885062041905553,2
367,2022,9,BBO,0.120388559519941,9,0.879611440480059,2
368,2022,9,POO,0.19064950809305,10,0.80935049190695,2
369,2022,9,OGO,0.19385036879974,11,0.806149631200261,2
370,2022,10,GOO,0.0354532132571237,1,0.964546786742876,2
371,2022,10,GPG,0.0375253720064313,2,0.962474627993569,2
372,2022,10,GOP,0.0457065169279243,3,0.954293483072076,2
373,2022,10,GGG,0.0491349127768644,4,0.950865087223136,2
374,2022,10,PPP,0.0507258442443392,5,0.949274155755661,2
375,2022,10,PBP,0.084602348609752,6,0.915397651390248,2
376,2022,10,OOP,0.0991560229855827,7,0.900843977014417,2
377,2022,10,OBB,0.10558960409584,8,0.89441039590416,2
378,2022,10,BBO,0.138451133849552,9,0.861548866150448,2
379,2022,10,OGO,0.174358696454883,10,0.825641303545117,2
380,2022,10,POO,0.179296334791707,11,0.820703665208293,2
381,2022,11,GOO,0.0351439852548153,2,0.964856014745185,2
382,2022,11,GOP,0.0478885015124298,3,0.95211149848757,2
383,2022,11,GGG,0.0498159301014065,4,0.950184069898593,2
384,2022,11,GPG,0.0544528302692247,5,0.945547169730775,2
385,2022,11,OOP,0.0843054520482796,6,0.91569454795172,2
386,2022,11,POO,0.110081079615108,7,0.889918920384892,2
387,2022,11,OBB,0.137713008452945,8,0.862286991547055,2
388,2022,11,BBO,0.149748330886725,9,0.850251669113275,2
389,2022,11,OGO,0.15642161742107,10,0.84357838257893,2
390,2022,11,PPP,0.174429264437997,11,0.825570735562003,2
391,2022,12,GOO,0.0482361245779622,2,0.951763875422038,2
392,2022,12,GPG,0.0484586552761699,3,0.95154134472383,2
393,2022,12,GGG,0.0638721220887527,4,0.936127877911247,2
394,2022,12,GOP,0.0657322159023811,5,0.934267784097619,2
395,2022,12,OOP,0.0868635614372668,6,0.913136438562733,2
396,2022,12,BBO,0.11160378139448,7,0.88839621860552,2
397,2022,12,OBB,0.126065821860076,8,0.873934178139924,2
398,2022,12,POO,0.12827012045884,9,0.87172987954116,2
399,2022,12,PPP,0.149704060226393,10,0.850295939773607,2
400,2022,12,OGO,0.171193536777678,11,0.828806463222322,2
401,2022,13,GOO,0.0228279365769857,1,0.977172063423014,2
402,2022,13,GPG,0.0229876605263377,2,0.977012339473662,2
403,2022,13,GOP,0.0268840630037404,3,0.97311593699626,2
404,2022,13,GGG,0.0279112624026513,4,0.972088737597349,2
405,2022,13,OOP,0.0337069066923307,5,0.966293093307669,2
406,2022,13,BBO,0.0507083260369561,6,0.949291673963044,2
407,2022,13,PPP,0.08627941289526,7,0.91372058710474,2
408,2022,13,OBB,0.128867744012682,8,0.871132255987318,2
409,2022,13,OGO,0.138583579162408,9,0.861416420837592,2
410,2022,13,POO,0.179503077590332,10,0.820496922409668,2
411,2022,13,PBP,0.281740031100316,11,0.718259968899684,2
412,2022,14,GOO,0.0345959385861797,1,0.96540406141382,2
413,2022,14,GPG,0.0393645288759175,2,0.960635471124083,2
414,2022,14,GGG,0.0429864568970268,3,0.957013543102973,2
415,2022,14,GOP,0.0450970793599913,4,0.954902920640009,2
416,2022,14,OOP,0.0606228797239863,5,0.939377120276014,2
417,2022,14,BBO,0.0909978163478692,6,0.909002183652131,2
418,2022,14,OBB,0.110016098948412,7,0.889983901051588,2
419,2022,14,OGO,0.135780195304177,8,0.864219804695823,2
420,2022,14,POO,0.14092861581308,9,0.85907138418692,2
421,2022,14,PBP,0.143130095843892,10,0.856869904156108,2
422,2022,14,PPP,0.156480294299469,11,0.843519705700531,2
423,2022,15,OOP,0.0656717109386991,2,0.934328289061301,2
424,2022,15,OBB,0.0736465364081241,3,0.926353463591876,2
425,2022,15,PPP,0.0865158576008457,4,0.913484142399154,2
426,2022,15,GOP,0.0888011736769145,5,0.911198826323085,2
427,2022,15,BBO,0.097960225753012,6,0.902039774246988,2
428,2022,15,GGG,0.0991242692213603,7,0.90087573077864,2
429,2022,15,OGO,0.0994937422933286,8,0.900506257706671,2
430,2022,15,GPG,0.107423534556383,9,0.892576465443617,2
431,2022,15,POO,0.131817990660848,10,0.868182009339152,2
432,2022,15,PBP,0.149544958890485,11,0.850455041109515,2
433,2022,16,OOP,0.0536022282533946,2,0.946397771746605,2
434,2022,16,GOP,0.0541869301740308,3,0.945813069825969,2
435,2022,16,GGG,0.0802147427716837,4,0.919785257228316,2
436,2022,16,BBO,0.08604633205456,5,0.91395366794544,2
437,2022,16,PBP,0.0926676890825978,6,0.907332310917402,2
438,2022,16,OBB,0.100883706849125,7,0.899116293150874,2
439,2022,16,POO,0.115527569745402,8,0.884472430254598,2
440,2022,16,GPG,0.126792394893197,9,0.873207605106803,2
441,2022,16,PPP,0.140108367932104,10,0.859891632067896,2
442,2022,16,OGO,0.149970038243905,11,0.850029961756095,2
443,2022,17,GGG,0.0273147383037969,1,0.972685261696203,2
444,2022,17,GOP,0.027371927637882,2,0.972628072362118,2
445,2022,17,BBO,0.0361653178493264,3,0.963834682150674,2
446,2022,17,OOP,0.0373251754212654,4,0.962674824578735,2
447,2022,17,GPG,0.0385513698332277,5,0.961448630166772,2
448,2022,17,PBP,0.0397715843577315,6,0.960228415642269,2
449,2022,17,OBB,0.0862697229875703,7,0.91373027701243,2
450,2022,17,PPP,0.111853850882102,8,0.888146149117898,2
451,2022,17,POO,0.178376069377075,9,0.821623930622925,2
452,2022,17,OGO,0.191852337528853,10,0.808147662471147,2
453,2022,17,GOO,0.22514790582117,11,0.77485209417883,2
454,2022,18,GGG,0.0284999724107664,1,0.971500027589234,2
455,2022,18,GOP,0.0297377517296734,2,0.970262248270327,2
456,2022,18,PBP,0.0406468977701948,3,0.959353102229805,2
457,2022,18,GPG,0.0439548054587549,4,0.956045194541245,2
458,2022,18,BBO,0.051078793603448,5,0.948921206396552,2
459,2022,18,OOP,0.0569712995211703,6,0.94302870047883,2
460,2022,18,PPP,0.0986298586768704,7,0.90137014132313,2
461,2022,18,POO,0.143085192400599,8,0.856914807599401,2
462,2022,18,OBB,0.154905145065317,9,0.845094854934683,2
463,2022,18,OGO,0.174989712888804,10,0.825010287111196,2
464,2022,18,GOO,0.177500570474402,11,0.822499429525598,2
465,2022,19,GOP,0.0351721866277994,2,0.964827813372201,2
466,2022,19,GGG,0.0382342741582661,3,0.961765725841734,2
467,2022,19,PBP,0.0487201885638062,4,0.951279811436194,2
468,2022,19,BBO,0.054976613704567,5,0.945023386295433,2
469,2022,19,GPG,0.0581442631070797,6,0.94185573689292,2
470,2022,19,OOP,0.0712531545012879,7,0.928746845498712,2
471,2022,19,GOO,0.142419724149596,8,0.857580275850404,2
472,2022,19,PPP,0.144785518891624,9,0.855214481108376,2
473,2022,19,OBB,0.197896372339795,10,0.802103627660205,2
474,2022,19,POO,0.208397703956179,11,0.791602296043821,2
475,2022,20,GGG,0.0439619188357455,2,0.956038081164254,2
476,2022,20,GOP,0.0440466748699434,3,0.955953325130057,2
477,2022,20,PBP,0.0547679505750034,4,0.945232049424997,2
478,2022,20,OOP,0.0598770534333062,5,0.940122946566694,2
479,2022,20,GPG,0.0695490805093732,6,0.930450919490627,2
480,2022,20,BBO,0.0720051231493771,7,0.927994876850623,2
481,2022,20,GOO,0.132466449225402,8,0.867533550774598,2
482,2022,20,PPP,0.145083136035248,9,0.854916863964752,2
483,2022,20,OBB,0.164053981450449,10,0.835946018549551,2
484,2022,20,POO,0.214188631916152,11,0.785811368083848,2
485,2022,21,GOP,0.0237259925029437,1,0.976274007497056,2
486,2022,21,PBP,0.0345191160113277,2,0.965480883988672,2
487,2022,21,GPG,0.0366761447569113,3,0.963323855243089,2
488,2022,21,GGG,0.0376313452936403,4,0.96236865470636,2
489,2022,21,BBO,0.0407231599740092,5,0.959276840025991,2
490,2022,21,OOP,0.0577211518054689,6,0.942278848194531,2
491,2022,21,GOO,0.100868575778728,7,0.899131424221272,2
492,2022,21,PPP,0.102558297769761,8,0.897441702230239,2
493,2022,21,OBB,0.104361592113289,9,0.895638407886711,2
494,2022,21,POO,0.210171331143582,10,0.789828668856418,2
495,2022,21,OGO,0.251043292850338,11,0.748956707149662,2
496,2022,22,GOP,0.0259235775968224,1,0.974076422403178,2
497,2022,22,GGG,0.0344813126454897,2,0.96551868735451,2
498,2022,22,OOP,0.0368420689122138,3,0.963157931087786,2
499,2022,22,BBO,0.044941068723385,4,0.955058931276615,2
500,2022,22,PBP,0.0632899917218854,5,0.936710008278115,2
501,2022,22,GPG,0.0715444144537887,6,0.928455585546211,2
502,2022,22,PPP,0.117571017262211,7,0.882428982737789,2
503,2022,22,OBB,0.120032713085449,8,0.879967286914551,2
504,2022,22,GOO,0.121846456894609,9,0.878153543105391,2
505,2022,22,POO,0.15761663215385,10,0.84238336784615,2
506,2022,22,OGO,0.205910746550297,11,0.794089253449703,2
507,2022,23,BBO,0.0140670621386316,2,0.985932937861368,2
508,2022,23,OOP,0.0141554181109014,3,0.985844581889099,2
509,2022,23,GPG,0.0155939362752744,4,0.984406063724726,2
510,2022,23,PBP,0.0156057534968833,5,0.984394246503117,2
511,2022,23,PPP,0.0330131798148027,6,0.966986820185197,2
512,2022,23,GOO,0.119402472464869,7,0.880597527535131,2
513,2022,23,OGO,0.122386308684966,8,0.877613691315034,2
514,2022,23,OBB,0.135863171122652,9,0.864136828877348,2
515,2022,23,POO,0.210550070469797,10,0.789449929530203,2
516,2022,23,GGG,0.319362627421222,11,0.680637372578778,2
517,2022,24,BBO,0.0187365585595231,2,0.981263441440477,2
518,2022,24,OOP,0.0189245112703189,3,0.981075488729681,2
519,2022,24,PBP,0.0204253208049762,4,0.979574679195024,2
520,2022,24,GPG,0.0214709086077413,5,0.978529091392259,2
521,2022,24,GGG,0.0358069845530612,6,0.964193015446939,2
522,2022,24,PPP,0.0406082291181161,7,0.959391770881884,2
523,2022,24,OGO,0.0732164639796748,8,0.926783536020325,2
524,2022,24,POO,0.209434887046829,9,0.790565112953171,2
525,2022,24,OBB,0.216875513513781,10,0.783124486486219,2
526,2022,24,GOO,0.344500622545978,11,0.655499377454022,2
527,2022,25,OOP,0.019530484446772,1,0.980469515553228,2
528,2022,25,PBP,0.0236945579043007,2,0.976305442095699,2
529,2022,25,GPG,0.0249670057571741,3,0.975032994242826,2
530,2022,25,OBB,0.0382768439192365,4,0.961723156080764,2
531,2022,25,OGO,0.0528957942926578,5,0.947104205707342,2
532,2022,25,BBO,0.0648213898993413,6,0.935178610100659,2
533,2022,25,POO,0.0668874743688696,7,0.93311252563113,2
534,2022,25,GGG,0.0794988026196153,8,0.920501197380385,2
535,2022,25,PPP,0.118233397406994,9,0.881766602593006,2
536,2022,25,GOO,0.16943392245501,10,0.83056607754499,2
537,2022,25,GOP,0.341760326930028,11,0.658239673069972,2
538,2022,26,OOP,0.0307538612120997,1,0.9692461387879,2
539,2022,26,BBO,0.0310266621266135,2,0.968973337873387,2
540,2022,26,GPG,0.0358078158362443,3,0.964192184163756,2
541,2022,26,PBP,0.0441485375853389,4,0.955851462414661,2
542,2022,26,PPP,0.0450072717842866,5,0.954992728215713,2
543,2022,26,OBB,0.0473098018486418,6,0.952690198151358,2
544,2022,26,GGG,0.0512549074960348,7,0.948745092503965,2
545,2022,26,POO,0.0891127437595445,8,0.910887256240456,2
546,2022,26,GOO,0.173096154728145,9,0.826903845271855,2
547,2022,26,OGO,0.206887158106621,10,0.793112841893379,2
548,2022,26,GOP,0.245595085516431,11,0.754404914483569,2
